textbook_id,highlighted_text,passage_except,quiz_question
1,,"IN EARLY JANUARY 1600, Isabel de Olvera, a woman of African descent, petitioned the mayor of Querétaro, Mexico for protection of her rights before joining Juan de Oñate’s expedition to New Spain, which consisted of several regions in North and South America, including present-day New Mexico, Arizona, and Florida. As she was about to embark on the journey with Spanish explorers, Olvera believed she would be vulnerable to violence or captivity. “I am going on the expedition,” she stated in her deposition, “and have reason to fear that I may be annoyed by some individual since I am a mulatto.”",Why did Isabel de Olvera seek protection from the mayor of Querétaro in early January 1600?
1,,"Women of African descent arrived in what became the United States as early as the sixteenth century. Their histories on this land are difficult to document because the archive hardly recognizes their presence. When they do appear, many are nameless figures, mentioned in passing, with little identifying information given about their experiences.`",Why are the histories of women of African descent difficult to document in the U.S. before the seventeenth century?
1,,"Why do we begin then, with Isabel de Olvera? Because her story reveals hidden or otherwise unacknowledged aspects of the history of this country. American history did not start when Europeans arrived in Pensacola in 1528, Roanoke in 1585, or Jamestown in 1607. It began in 5000 to 3000 BCE, during the Paleo-Indian era, when indigenous people settled here and lived in harmony with the land.","Why does the book begin with Isabel de Olvera, and what does it reveal about U.S. history?"
1,,"The first Black women who stepped foot on what we now consider American soil were not enslaved. In fact, some, like Olvera, were free, and they traveled as part of expeditions to explore land that had been inhabited by native populations for generations.","What is highlighted about the first Black women arriving on American soil, and what were their circumstances?"
1,,"Before Olvera traveled to New Mexico, another Black woman made her way into present-day Kansas around 1594. Although we do not know her name, we know that she accompanied the Francisco Leyva de Bonilla expedition and almost lost her life after being severely burned in an attack near Wichita.",What happened to the unnamed Black woman with the Francisco Leyva de Bonilla expedition in 1594?
1,,"It is possible that there were other women of African descent among these early settlers, making them some of the first Black women in America, arriving before the women in Oñate’s expedition. But how do we identify them in archives that hardly acknowledge their presence or through history books that omit them from their pages?","According to the author, why is it difficult to identify other early Black women settlers?"
1,,"For example, in 1535, Hernán Cortés of Spain went on an expedition to present-day California, bringing with him three hundred enslaved people of African descent.","Who led the 1535 expedition to California, and what was the composition of the group?"
1,,"In times of “discovery,” violence erupted as people from different parts of the world clashed with one another in their search for riches and quest for establishing territories.","According to the author, what characterized the times of ""discovery,"" and what were the consequences?"
1,,"Olvera received permission to join the expedition on August 29, 1600, several months after making her request. We do not have evidence of what Olvera did during her long wait, but we know a great deal about the members of the expedition and some of the hardships they faced leading up to 1600 when Olvera joined them.","What hardships did the expedition members face before 1600, and what is known about Olvera's activities during her waiting period?"
1,,"Now we know that some Black women exercised their rights while others relinquished them. Some experienced sexual assault on ships while others sought legal protection, even if it did not guarantee they would be spared from assault.","How did Black women in the sixteenth century navigate rights during exploration, and what strategies did they use?"
1,,"Some men in listing their goods deliberately told officials they would not disclose their wives’ possessions, to avoid theft.","Why did men conceal their wives' possessions during expeditions, and how does this relate to prevalent risks and concerns?"
1,,"In 1577, while traveling the Pacific Ocean in his quest to circumnavigate the globe, Sir Francis Drake captured an enslaved woman named Maria off the coast of Guatemala.","What were the circumstances of Maria's capture by Sir Francis Drake, and how did her abandonment on Crab Island reflect attitudes toward Black women's lives?"
1,,"Unlike Maria, Isabel de Olvera and her experience in the late sixteenth-century era of exploration and navigation are better known to us because of her testimony and the Oñate expedition’s travel and inspection records.","What insights into the experiences of Black women in the late sixteenth century come from testimony and records like Isabel de Olvera's, contributing to historical understanding?
"
1,,"In the midst of this confusion, they were forced to walk in 'slave coffles,' chained by the neck and ankles to other captives, many of whom did not speak the same language despite the commonality of their skin tone.
","How did African women resist forced captivity, especially in 'slave coffles,' and navigate language barriers and dehumanizing conditions?"
1,,"When a captured and traded woman’s feet first touched the water in the wooden base of the small boat that would take her to a ship that would make the journey across the ocean, she probably had no idea that she would never return to her homeland.","What emotions and uncertainties ran through the minds of African women as they embarked on the journey across the Atlantic, contributing to displacement and loss?
"
1,,"For the next several hundred years, however, the travel and exploration that was granted to Olvera, was denied to generations of Black women who followed her.
","How did opportunities for travel change for Black women after Isabel de Olvera, and what factors led to the denial of these opportunities to subsequent generations?"
1,,"SOMEWHERE NEAR THE SHORES of Luanda, Angola, in 1619, between the Lukula and Kwanza Rivers, a group of Africans, including Angela, boarded the São João Bautista, a Portuguese ship en route to Vera Cruz, New Spain.","Who, including Angela, boarded the São João Bautista in 1619, and what were the circumstances leading to their forced entrance onto the ship?"
1,,"Captain Manuel Mendes da Cunha received permission to carry upwards of these 350 African captives through a contract known as asiento, a right the Spanish Crown granted individuals, including ship captains, to enslave and deliver African people to the New World.","How did the asiento contract, granted by the Spanish Crown, empower Captain Manuel Mendes da Cunha to enslave and transport over 350 African captives to the New World?"
1,,Life at sea was treacherous even for talented navigators like the Portuguese. Wooden ships tossed back and forth across the rough Atlantic waters.,"How did treacherous sea conditions impact Angela and others aboard the São João Bautista, and what challenges did both the crew and African captives face during the Atlantic crossing?"
1,,The HORRORS OF THE SLAVE SHIP represent one of the greatest atrocities in world history. The experience for women was especially treacherous and complicated by physical and sexual exploitation from the crew.,"How would you describe conditions on the slave ship for women, and what forms of physical and sexual exploitation did they endure during the Middle Passage?"
1,,"Records from eighteenth-century ship captains provide insight into life at sea. John Newton, for example, mentions several women in his journal.","What insights into African women's experiences during the Middle Passage can be derived from records of ship captains like John Newton, and how were these women depersonalized in historical documentation?"
1,,"Newton buried another person, on June 24, 1754, 'a girl (No 92).' One wonders if she came to the ship alone or with family. How did she die? Did she receive any medical care? How long had she survived on the ship?","What details are known about the young girl identified as 'No 92,' and how does her brief mention raise questions about her arrival, death, and circumstances on the ship?"
1,,"Her brief entrance into history is expressed by the language used to describe her. In addition to recognizing her pregnancy, Newton claimed that she was 'seduced,' as if she was lured into the quarter deck and tempted to participate.","In the case of the woman identified as 'No 83,' how does Newton's language reflect the dehumanizing treatment of African women during the Middle Passage, and what questions arise about consent and exploitation?"
1,,"Black women like Ma Presence did not succumb easily to their captivity. Many fought back in the form of revolts and mutinies at sea.
","How did Black women, like Ma Presence, resist captivity and contribute to revolts and mutinies at sea, and what strategies did they employ against enslavement on the ships?"
1,,"Other women and men who rebelled on ships ended their lives on the open waters of the Atlantic. It is hard to know the various belief systems they carried with them, but the desire for liberty and freedom had to be key factors in their actions.","What documented instances of rebellion occurred among women and men on slave ships, and what role did the pursuit of liberty and freedom play in their decisions, given the harsh consequences they faced?"
2,,"As William Henry Channing resided at Rochester, and felt that the time had come for some more active measures, he was invited to prepare the call and resolutions for the Convention. The following was issued and extensively circulated, and signed by many of the leading men and women of the State:","Why was William Henry Channing invited to prepare the call and resolutions for the Woman's Rights Convention in Rochester in 1853, and what was the purpose of the call and resolutions?

"
2,,"The Woman's Rights Movement is a practical one, demanding prompt and efficient action for the relief of oppressive wrongs; and, as the Conventions held for several years past in different States, have answered their end of arousing earnest public attention, the time has come for calling upon the people to reform the evils from which women suffer, by their Representatives in Legislative Assemblies.","What is the nature of the ""Woman's Rights"" Movement, and why is it described as a practical one demanding prompt action for the relief of oppressive wrongs?"
2,,"Thousands of the best men and women, in all our communities, are asking such questions as these:

Why should not woman's work be paid for according to the quality of the work done, and not the sex of the worker?
How shall we open for woman's energies new spheres of well remunerated industry?","What are some of the questions raised by the best men and women in the community regarding women's rights, and what specific issues do questions 1 and 2 address?"
2,,"In civilized countries it is founded on equality of rights. Oppression always produces suffering through the whole of the society where it exists; this movement ought, therefore, to be called a human rights movement.","How is liberty founded in civilized countries, and why does the speaker suggest that the Woman's Rights Movement should be considered a human rights movement?"
2,,"The wrongs of woman are so many (indeed there is scarcely anything else but wrongs) that there is not time to mention them all in one convention. She would speak at present of legal wrongs, and leave it to her hearers, if all are not—men, perhaps, more than women—sufferers by these wrongs.","Why does the speaker mention that there is not enough time to mention all the wrongs of women in one convention, and what category of wrongs is specifically addressed in this passage?"
2,,"A wife has no management in the joint earnings of herself and her husband; they are entirely under control of the husband, who is obliged to furnish the wife merely the common necessaries of life; all that she receives beyond these is looked upon by the law as a favor, and not held as her right.","What legal restrictions are placed on a wife's management of joint earnings, and how does the law view anything beyond common necessaries received by the wife?"
2,,"The husband, whether the innocent or the guilty party, retaining all the wife's property, as also the control of the children unless by special decree of the court they are assigned to the mother.","In cases of divorce, what control and rights does the husband retain over the wife's property and the custody of children, according to the speaker?"
2,,In view of such laws the women engaged in this movement ask that the wife shall be made heir to the husband to the same extent that he is now her heir.,What specific legal change are the women engaged in the movement asking for regarding the inheritance of spouses?
2,,"To a certain extent this is true, and the same principles apply to both classes. But all human beings are not martyrs; the majority accept the conditions in which they find themselves, rather than make their lives one long struggle for freedom.","What point is the speaker making about the conditions and struggles for freedom faced by both men and women, and what does the majority choose to do according to the speaker?"
2,,"He argued against making the man and wife joint owners of property, except in certain specific cases.","What argument is presented against making the man and wife joint owners of property, and under what circumstances does the speaker suggest it may be acceptable?"
2,,"Frederick Douglass, in the course of his remarks, said he had seen two young women assistants in the County Clerk's office, also young women going into printing-offices to set type; and he might have added the following, which we clip from the The Una of the same date:
Female compositors have been employed in the offices of the three Cincinnati daily papers which stood out against the demands of the Printer's Union.","Who were the female compositors mentioned in the passage, and in which offices were they employed?"
2,,"Wherever the change has been made it seems to be completely successful.—Courier and Enquirer.
Mr. M said: If a woman should not leave her family to go to the Legislature, neither should a man.","What criteria does Mr. M suggest for individuals, both men and women, when it comes to leaving their families to go to the Legislature?"
2,,"The one great cause, therefore, of the inadequate compensation and inferior position of woman, is the unjust apportionment of avocation.","What does the passage suggest about the root cause of the inadequate compensation and inferior position of women, according to the author?"
2,,"Miss B proposed that the men, for a while, be relieved from this great evil, and excused from the burdens of office.",What solution does Miss B propose to address the perceived burden of office for men?
2,,"Mr. H opposed with several objections, one of which was, that private stations demand as high qualifications, and more surely command a just recompense, than public offices; woman has yet taken few lucrative private employments; why, then, till these are taken, should she seek for public office?","What objection does Mr. H raise against women seeking public office, and what alternative does he suggest for women?"
2,,"F D again raised the inquiry, in the investment of money or the use of property, where there is joint ownership, and in regard to which there may be disagreement between husband and wife, how shall the matter be settled between them?",How does F D suggest resolving disagreements between husband and wife regarding joint ownership of property?
2,,Miss B proposed to reply in a word: Law must regulate differences where there is not true union...,"According to Miss B, in what situations should law regulate differences between spouses, and what alternative does she propose for different circumstances"
2,,"Mrs. L, of Randolph, read an address, flowery in style, but full of truth, upon the discord that pervades social life.
","What is the central theme of Mrs. L's address, and what solution or advice does she offer to address the discord in social life?"
2,,"Mr. Channing presented two forms of petitions—one for property rights, the other for suffrage—which were adopted.","What petitions does Mr. Channing present, and for what specific rights are these petitions advocating?"
2,,"Horace Greeley, chairman of the Committee on Industry, published in The New York Tribune the following report: WOMAN AND WORK.","What is the main argument or point made in Horace Greeley's report on ""WOMAN AND WORK,"" and how does it contribute to the discussion on women's rights and labor?"
2,,"The thinking minds of all nations call for change. There is a deep-lying struggle in the whole fabric of society; a boundless, grinding collision of the New with the Old.","Why do the thinking minds of all nations call for change, and what is the nature of the struggle mentioned in the passage?"
2,,"We, the daughters of the revolutionary heroes of '76, demand at your hands the redress of our grievances—a revision of your State Constitution—a new code of laws.","What specific grievances are the daughters of the revolutionary heroes demanding redress for, and what changes are they proposing in the passage?"
2,,"We support ourselves, and, in part, your schools, colleges, churches, your poor-houses, jails, prisons, the army, the navy, the whole machinery of government, and yet we have no voice in your councils.","How does the passage describe the contributions of women to society, and what is the main concern regarding their lack of representation in councils?

"
2,,"We have every qualification required by the Constitution, necessary to the legal voter, but the one of sex.","What qualifications do women possess, according to the passage, and what specific qualification prevents them from being legal voters?"
2,,The establishment of trial by jury is of so early a date that its beginning is lost in antiquity; but the right of trial by a jury of one's own peers is a great progressive step of advanced civilization.,"Why does the passage emphasize the importance of trial by a jury of one's own peers, and how does it relate to the concept of advanced civilization?"
3,,This migration—a movement of people or animals from one region to another—took place over a long time.,What is migration?
3,,"Merchant families in Europe wanted to get capital money or property that is used to earn more money. During the late 1300s the Medici (MED-ee-chee) family of Florence opened banks that gave loans. The borrowers repaid these loans with extra money called interest, which earned more money for the bankers. The Medici and other bankers gained influence in Europe.",In what ways did the practice of charging and receiving interest on loans shape the economic and social landscape of Europe during this period?
3,,"Merchant families in Europe wanted to get capital money or property that is used to earn more money. During the late 1300s the Medici (MED-ee-chee) family of Florence opened banks that gave loans. The borrowers repaid these loans with extra money called interest, which earned more money for the bankers. The Medici and other bankers gained influence in Europe.","How did the establishment of banking institutions, such as the Medici family's banks in Florence during the late 1300s, contribute to the accumulation of wealth and influence among merchant families in Europe?"
3,,"Merchants also created joint-stock companies, or businesses in which a group of people invest together. The investors share in the companies' profits and losses. Forming joint-stock companies allowed investors to share all profits and also all losses. Therefore, a single investor would lose less than he or she would as a sole owner of a company.",How did the creation of joint-stock companies benefit both investors and businesses during this historical period?
3,,"Merchants also created joint-stock companies, or businesses in which a group of people invest together. The investors share in the companies' profits and losses. Forming joint-stock companies allowed investors to share all profits and also all losses. Therefore, a single investor would lose less than he or she would as a sole owner of a company.",Can you explain how the concept of shared profits and losses in joint-stock companies transformed the way business ventures?
3,,"On October 31, 1517, a priest named Martin Luther nailed an important paper to the door of Castle Church in Wittenberg, Germany. The paper listed Ninety-five Theses, or viewpoints, about the Catholic Church. Luther charged that the church was too wealthy. He also thought the church abused its power. Martin Luther became well known for protesting the policies of the Catholic Church. His actions led to the Protestant Reformation. This religious movement began as an effort to reform the Catholic Church and spread through German towns in the 1520s and then to other parts of Europe. The reformers became known as Protestants because they protested the Catholic Church’s practices. Many Protestants believed that the Bible intended religion to be simple. They disagreed with many of the Catholic Church’s rules. They also thought the pope had too much power.","What were the main grievances or viewpoints that Martin Luther expressed in his Ninety-five Theses, and how did these criticisms challenge the Catholic Church's authority and practices?"
3,,"On October 31, 1517, a priest named Martin Luther nailed an important paper to the door of Castle Church in Wittenberg, Germany. The paper listed Ninety-five Theses, or viewpoints, about the Catholic Church. Luther charged that the church was too wealthy. He also thought the church abused its power. Martin Luther became well known for protesting the policies of the Catholic Church. His actions led to the Protestant Reformation. This religious movement began as an effort to reform the Catholic Church and spread through German towns in the 1520s and then to other parts of Europe. The reformers became known as Protestants because they protested the Catholic Church’s practices. Many Protestants believed that the Bible intended religion to be simple. They disagreed with many of the Catholic Church’s rules. They also thought the pope had too much power.","How did Martin Luther's actions in 1517 contribute to the larger historical movement known as the Protestant Reformation, and what were the key ideas that Protestants advocated for in contrast to the Catholic Church's beliefs and practices?"
3,,"On October 31, 1517, a priest named Martin Luther nailed an important paper to the door of Castle Church in Wittenberg, Germany. The paper listed Ninety-five Theses, or viewpoints, about the Catholic Church. Luther charged that the church was too wealthy. He also thought the church abused its power. Martin Luther became well known for protesting the policies of the Catholic Church. His actions led to the Protestant Reformation. This religious movement began as an effort to reform the Catholic Church and spread through German towns in the 1520s and then to other parts of Europe. The reformers became known as Protestants because they protested the Catholic Church’s practices. Many Protestants believed that the Bible intended religion to be simple. They disagreed with many of the Catholic Church’s rules. They also thought the pope had too much power.","In what ways did the Protestant Reformation impact religious, social, and political developments in Europe during the 16th century regarding the power dynamics between the church and the state?"
3,,"In the late 1500s King Philip II used Spain’s great wealth to lead a Counter-Reformation against the Protestant movement. Standing in his way was English queen Elizabeth I and her sea dogs. Sea dogs were sailors who raided Spanish treasure ships. The most successful sea dog was the daring Sir Francis Drake. Philip was angered by English attacks and began gathering the Spanish Armada, a huge fleet of about 130 ships and some 27,000 sailors and soldiers. The Spanish Armada was launched to invade England and overthrow Queen Elizabeth and the Anglican Church. In July 1588, however, the much smaller English fleet defeated the Armada in a huge battle. The Armada’s defeat shocked the Spanish. In addition to the naval defeat, Spain’s economy was in trouble. The gold and silver that Spain received from the Americas caused high inflation. Inflation is a rise in the price of goods caused by an increase in the amount of money in use. Economic problems, combined with England’s defeat of the Spanish Armada, led countries such as England, France, and the Netherlands to challenge Spanish power overseas.","How did the English sea dogs, especially Sir Francis Drake, play a crucial role in challenging the Spanish Armada and defending Queen Elizabeth I and the Anglican Church?"
3,,"In the late 1500s King Philip II used Spain’s great wealth to lead a Counter-Reformation against the Protestant movement. Standing in his way was English queen Elizabeth I and her sea dogs. Sea dogs were sailors who raided Spanish treasure ships. The most successful sea dog was the daring Sir Francis Drake. Philip was angered by English attacks and began gathering the Spanish Armada, a huge fleet of about 130 ships and some 27,000 sailors and soldiers. The Spanish Armada was launched to invade England and overthrow Queen Elizabeth and the Anglican Church. In July 1588, however, the much smaller English fleet defeated the Armada in a huge battle. The Armada’s defeat shocked the Spanish. In addition to the naval defeat, Spain’s economy was in trouble. The gold and silver that Spain received from the Americas caused high inflation. Inflation is a rise in the price of goods caused by an increase in the amount of money in use. Economic problems, combined with England’s defeat of the Spanish Armada, led countries such as England, France, and the Netherlands to challenge Spanish power overseas.",What is inflation?
3,,"In the late 1500s King Philip II used Spain’s great wealth to lead a Counter-Reformation against the Protestant movement. Standing in his way was English queen Elizabeth I and her sea dogs. Sea dogs were sailors who raided Spanish treasure ships. The most successful sea dog was the daring Sir Francis Drake. Philip was angered by English attacks and began gathering the Spanish Armada, a huge fleet of about 130 ships and some 27,000 sailors and soldiers. The Spanish Armada was launched to invade England and overthrow Queen Elizabeth and the Anglican Church. In July 1588, however, the much smaller English fleet defeated the Armada in a huge battle. The Armada’s defeat shocked the Spanish. In addition to the naval defeat, Spain’s economy was in trouble. The gold and silver that Spain received from the Americas caused high inflation. Inflation is a rise in the price of goods caused by an increase in the amount of money in use. Economic problems, combined with England’s defeat of the Spanish Armada, led countries such as England, France, and the Netherlands to challenge Spanish power overseas.","What were the main factors contributing to Spain's decision to launch the Spanish Armada, and how did the outcome of the battle against the smaller English fleet impact Spain's position and power in the late 16th century?"
3,,"In the late 1500s King Philip II used Spain’s great wealth to lead a Counter-Reformation against the Protestant movement. Standing in his way was English queen Elizabeth I and her sea dogs. Sea dogs were sailors who raided Spanish treasure ships. The most successful sea dog was the daring Sir Francis Drake. Philip was angered by English attacks and began gathering the Spanish Armada, a huge fleet of about 130 ships and some 27,000 sailors and soldiers. The Spanish Armada was launched to invade England and overthrow Queen Elizabeth and the Anglican Church. In July 1588, however, the much smaller English fleet defeated the Armada in a huge battle. The Armada’s defeat shocked the Spanish. In addition to the naval defeat, Spain’s economy was in trouble. The gold and silver that Spain received from the Americas caused high inflation. Inflation is a rise in the price of goods caused by an increase in the amount of money in use. Economic problems, combined with England’s defeat of the Spanish Armada, led countries such as England, France, and the Netherlands to challenge Spanish power overseas.",How did the Spanish Armada contribute to the broader geopolitical shifts to Spanish power overseas?
3,,"In the late 1500s England decided to start its own American colony in order to establish a presence in the New World. Sir Walter Raleigh received a charter, a document giving permission to start a colony. He sent an expedition that landed in present-day Virginia and North Carolina. Raleigh named the entire area Virginia.",Can you describe the significance of the charter received by Sir Walter Raleigh and its role with Englandand the New World?
3,,"In May 1775, delegates from 12 colonies met in Philadelphia for the Second Continental Congress. This second gathering of delegates from the colonies was still far from unified. Some called for a war, others for peace. Once again, they compromised. The Congress did not break away from Britain, but it declared the Massachusetts militia to be the Continental Army. This military force would carry out the fight against Britain. Congress named a Virginian, George Washington, to command the army.",Who was named to command the army at the Second Continental Congress in Philadelphia?
3,,"The committee members were John Adams, Benjamin Franklin, Thomas Jefferson, Robert R. Livingston, and Roger Sherman. Jefferson was the document’s main author. The Declaration of Independence formally announced the colonies’ break from Great Britain. In doing so, it expressed three main ideas. The first idea Jefferson argued was that all men possess unalienable rights. He stated that these basic rights include “life, liberty, and the pursuit of happiness.”",Who was the main author of the Declaration of Independence?
3,,"In 1776 the colonists declared their independence. The Declaration of Independence has inspired Americans throughout history with its message of freedom and equality. In order to maintain their freedom, however, colonists would have to battle the British army and win a war.","How did the Declaration of Independence serve as a source of inspiration for Americans, and what key messages did it convey?"
3,,"On Christmas night, 1776, with a winter storm lashing about them, Washington and 2,400 soldiers silently rowed across the iceclogged Delaware River. As morning broke, the men, short on supplies and many with no shoes, marched through the snow to reach the enemy camp. The Hessians, having celebrated the holiday the night before, were fast asleep when the Patriots sprang upon them. American soldiers took more than 900 prisoners. This battle, called the Battle of Trenton, was an important Patriot victory.",How did the timing and tactics of the American soldiers contribute to the significance of the Battle of Trenton?
3,,"Benjamin Franklin, a skilled diplomat, had gone to France in 1776 to work out details for an alliance. The Battle of Saratoga finally persuaded the French that the Americans could win the war. In May 1778 the Continental Congress ratified a treaty of support with France.",What finally pursuaded France for an alliance with Americans?
3,,"The victory at Saratoga gave the Patriots something they had been desperately seeking: foreign help. It came from Britain’s powerful enemies, France and Spain. Britain’s old ally, Holland, also joined the fight on the side of the Patriots.",Which victory played a key role of pursuading Britain’s powerful enemies and allies that Patriots could win?
3,,"The entry of France and Spain into the war came at a crucial moment. The Continental Army was running very low on supplies. In December 1777, Washington settled his 12,000 men at Valley Forge, about 20 miles north of Philadelphia. There they suffered shortages of food and clothing. To this day, the name of Valley Forge brings to mind suffering—and courage. Yet no battles took place here. The only enemy was the brutal winter of 1777–78.",What challenges did the Continental Army face at Valley Forge?
3,,"The entry of France and Spain into the war came at a crucial moment. The Continental Army was running very low on supplies. In December 1777, Washington settled his 12,000 men at Valley Forge, about 20 miles north of Philadelphia. There they suffered shortages of food and clothing.
To this day, the name of Valley Forge brings to mind suffering—and courage. Yet no battles took place here. The only enemy was the brutal winter of 1777–78.",Which nations joined the Continental Army?
3,,"The Battle of Yorktown, was the last major battle of the American Revolution.",What is the last major battle of the American Revolution?
3,,"Delegates took more than two years to come to a peace agreement. In the Treaty of Paris of 1783, Great Britain recognized the independence of the United States. The treaty also set America’s borders. A separate treaty between Britain and Spain returned Florida to the Spanish. British leaders also accepted American rights to settle and trade west of the original thirteen colonies.",What solidified Great Britain recognized the independence of the United States?
3,,"The southern war was particularly brutal. Much more than in the North, this phase of the war pitted Americans—Patriots versus Loyalists—against one another in direct combat. The British also destroyed crops, farm animals, and other property as they marched through the South.",Who are the Loyalists?
3,,"The war across the ocean was not going the way the British government in London had planned. The northern colonies, with their ragged, scrappy fighters, proved to be tough to tame. So the British switched strategies and set their sights on the South. The British hoped to find support from the large Loyalist populations living in Georgia, the Carolinas, and Virginia. They also planned to free slaves and put guns in their hands as they moved across the South. Under the leadership of a new commander, Gen- eral Henry Clinton, the new strategy paid off—for a while.",How did the British government's shift strategies from North to South?
3,,"The war across the ocean was not going the way the British government in London had planned. The northern colonies, with their ragged, scrappy fighters, proved to be tough to tame. So the British switched strategies and set their sights on the South. The British hoped to find support from the large Loyalist populations living in Georgia, the Carolinas, and Virginia. They also planned to free slaves and put guns in their hands as they moved across the South. Under the leadership of a new commander, Gen- eral Henry Clinton, the new strategy paid off—for a while.","What role did the large Loyalist populations in Georgia, the Carolinas, and Virginia play in the British plan"
3,,"One source of inspiration was English law. England had limited the power of its kings and queens in two documents. These were Magna Carta and the English Bill of Rights. Magna Carta, a document signed by King John in 1215, made the king subject to law. The English Bill of Rights, passed in 1689, declared the supremacy of Parliament. It kept the king or queen from passing new taxes or changing laws without Parliament’s consent. As a result, the people’s representatives had a strong voice in England’s government.","How did the Magna Carta and the English Bill of Rights influence the balance of power between the monarch and the government in England, and what key principles did they establish?"
3,,"One source of inspiration was English law. England had limited the power of its kings and queens in two documents. These were Magna Carta and the English Bill of Rights. Magna Carta, a document signed by King John in 1215, made the king subject to law. The English Bill of Rights, passed in 1689, declared the supremacy of Parliament. It kept the king or queen from passing new taxes or changing laws without Parliament’s consent. As a result, the people’s representatives had a strong voice in England’s government.",What are the two documents that limits the power of its kings and queens in England?
3,,A constitution is a set of basic principles and laws that states the powers and duties of the government.,What is a constitution?
3,,Thomas Jefferson’s ideas about religious freedom were included in the Virginia Statute for Religious Freedom. This document declared that no person could be forced to attend a particular church or be required to pay for a church with tax money.,What is Virginia Statute for Religious Freedom?
3,,"Under British rule, only free, white men that owned land could vote. Many states’ constitutions expanded suffrage, or the right to vote, by allowing any white man who paid taxes to vote. In every state, however, only landowners could hold public office. Some states originally allowed women and free African Americans to vote, but these rights were soon taken away. Suffrage would not be restored to these groups for decades to come.",Who could vote under the British rule?
3,,"Under British rule, only free, white men that owned land could vote. Many states’ constitutions expanded suffrage, or the right to vote, by allowing any white man who paid taxes to vote. In every state, however, only landowners could hold public office. Some states originally allowed women and free African Americans to vote, but these rights were soon taken away. Suffrage would not be restored to these groups for decades to come.",Which groups had temporarily the right to vote but the rights were taken away for decades?
3,,"Under the Articles of Confederation, Congress would become the single branch of the national government, but it would have limited powers in order to protect the liberties of the people. Each state had one vote in the Congress. Congress could settle conflicts among the states, make coins, borrow money, and make treaties with other countries and with Native Americans. Congress could also ask the states for money and soldiers. However, states had the power to refuse these requests. In addition, the government did not have a president or a national court system.",Can you explain the dynamics of the relationship between Congress and the states in terms of Congress's ability to request money and soldiers?
3,,"Under the Articles of Confederation, Congress would become the single branch of the national government, but it would have limited powers in order to protect the liberties of the people. Each state had one vote in the Congress. Congress could settle conflicts among the states, make coins, borrow money, and make treaties with other countries and with Native Americans. Congress could also ask the states for money and soldiers. However, states had the power to refuse these requests. In addition, the government did not have a president or a national court system.",How many votes did each state have in the Congress under the Articles of Confedaration?
3,,"To form a political system for the region, Congress passed the Northwest Ordinance of 1787. The ordinance established the Northwest Territory, which included areas that are now in Illinois, Indiana, Michigan, Ohio, Minnesota, and Wisconsin. The Northwest Ordinance created a system for bringing new states into the Union. Congress agreed that the Northwest Territory would be divided into several smaller territories with a governor appointed by Congress. When the population of a territory reached 60,000, its settlers could draft their own constitution and ask to join the Union. In addition, the law protected civil liberties and required that public educa- tion be provided. Finally, the ordinance stated that “there shall be neither slavery nor involuntary servitude [forced labor] in the . . . territory.” This last condition banned slavery in the Territory and set the standard for future territories. However, slavery would continue to be a controversial issue.",How did the Northwest Ordinance of 1787 shape the political development of the region and the process for new states to join the Union and what criteria were established for this purpose?
3,,"To form a political system for the region, Congress passed the Northwest Ordinance of 1787. The ordinance established the Northwest Territory, which included areas that are now in Illinois, Indiana, Michigan, Ohio, Minnesota, and Wisconsin. The Northwest Ordinance created a system for bringing new states into the Union. Congress agreed that the Northwest Territory would be divided into several smaller territories with a governor appointed by Congress. When the population of a territory reached 60,000, its settlers could draft their own constitution and ask to join the Union. In addition, the law protected civil liberties and required that public educa- tion be provided. Finally, the ordinance stated that “there shall be neither slavery nor involuntary servitude [forced labor] in the . . . territory.” This last condition banned slavery in the Territory and set the standard for future territories. However, slavery would continue to be a controversial issue.",What were the significant provisions of the Northwest Ordinance in terms of civil liberties?
3,,"Britain forced American merchants to pay high tariffs —taxes on imports or exports. The tariffs applied to goods such as rice, tobacco, tar, and oil that were grown or mined in the United States and then sold in Britain. Merchants had to raise prices to cover the tariffs. Ultimately, the costs would be passed on to customers, who had to pay higher prices for the goods. The economic condition of the country was getting worse by the day.",What are tariffs?
3,,"Britain forced American merchants to pay high tariffs —taxes on imports or exports. The tariffs applied to goods such as rice, tobacco, tar, and oil that were grown or mined in the United States and then sold in Britain. Merchants had to raise prices to cover the tariffs. Ultimately, the costs would be passed on to customers, who had to pay higher prices for the goods. The economic condition of the country was getting worse by the day.",How did the high tariffs imposed by Britain on American merchants affect the economic conditions in the United States?
3,,"After the Revolutionary War, most states had a hard time paying off war debts and struggled to collect overdue taxes. To ease this hardship, some states began printing large amounts of paper money. The result was inflation. This money had little or no real value, because states did not have gold or silver to back it up. Inflation occurs when there are increased prices for goods and services combined with the reduced value of money. Congress had no power to stop states from issuing more paper money and thus stop inflation.",What was the post-Revolutionary War financial challenges?
3,,"After the Revolutionary War, most states had a hard time paying off war debts and struggled to collect overdue taxes. To ease this hardship, some states began printing large amounts of paper money. The result was inflation. This money had little or no real value, because states did not have gold or silver to back it up. Inflation occurs when there are increased prices for goods and services combined with the reduced value of money. Congress had no power to stop states from issuing more paper money and thus stop inflation.",How did they attempt to deal with the post-Revolutionary War financial challenges and what were the consequences?
3,,"In September a poor farmer and Revolutionary War veteran, Daniel Shays, led hundreds of men in a forced shutdown of the Supreme Court in Springfield, Massachusetts. The state government ordered the farmers to stop the revolt under threat of capture and death. These threats only made Shays and his followers more determined. The uprising of farmers to protest high taxes and heavy debt became known as Shays’s Rebellion.",What were the key grievances and motivations that led to the emergence of Shays's Rebellion
4,,Biology is the science of life forms and living processes.,What is biology?
4,,"The number of species that are known and described range between 1.7-1.8 million. This refers to biodiversity or the number and types of organisms present on earth. We should remember here that as we explore new areas, and even old ones, new organisms are continuously being identified.",What is biodiversity?
4,,"Hence, there is a need to standardise the naming of living organisms such that a particular organism is known by the same name all over the world. This process is called nomenclature. Obviously, nomenclature or naming is only possible when the organism is described correctly and we know to what organism the name is attached to. This is identification.",What is nomenclature?
4,,Biologists follow universally accepted principles to provide scientific names to known organisms. Each name has two components – the Generic name and the specific epithet. This system of providing a name with two components is called Binomial nomenclature.,What is the universally accepted principles biologists follow to name known organisms?
4,,"Since it is nearly impossible to study all the living organisms, it is necessary to devise some means to make this possible. This process is classification. Classification is the process by which anything is grouped into convenient categories based on some easily observable characters. For example, we easily recognise groups such as plants or animals or dogs, cats or insects. The moment we use any of these terms, we associate certain characters with the organism in that group.",What is classification?
4,,"Classification is not a single step process but involves hierarchy of steps in which each step represents a rank or category. Since the category is a part of overall taxonomic arrangement, it is called the taxonomic category and all categories together constitute the taxonomic hierarchy. Each category, referred to as a unit of classification, in fact, represents a rank and is commonly termed as taxon.","How does the concept of a taxonomic hierarchy help in organizing and understanding the diversity of life in a systematic manner, and what are some examples of these taxonomic categories or taxa?"
4,,"Bacteria occur almost everywhere. Hundreds of bacteria are present in a handful of soil. They also live in extreme habitats such as hot springs, deserts, snow and deep oceans where very few other life forms can survive. Many of them live in or on other organisms as parasites.",Where do bacterias live?
4,,"Bacteria are grouped under four categories based on their shape: the spherical Coccus (pl.: cocci), the rod-shaped Bacillus (pl.: bacilli), the comma-shaped Vibrium (pl.: vibrio) and the spiral Spirillum (pl.: spirilla)",What are the four categories of bacteria based on their shape?
4,,"Heterotrophic bacteria are most abundant in nature. The majority are important decomposers. Many of them have a significant impact on human affairs. They are helpful in making curd from milk, production of antibiotics, fixing nitrogen in legume roots, etc. Some are pathogens causing damage to human beings, crops, farm animals and pets. Cholera, typhoid, tetanus, citrus canker are well known diseases caused by different bacteria.","How do heterotrophic bacteria, as the most abundant type in nature, fulfill crucial roles?"
4,,"Heterotrophic bacteria are most abundant in nature. The majority are important decomposers. Many of them have a significant impact on human affairs. They are helpful in making curd from milk, production of antibiotics, fixing nitrogen in legume roots, etc. Some are pathogens causing damage to human beings, crops, farm animals and pets. Cholera, typhoid, tetanus, citrus canker are well known diseases caused by different bacteria.",What are some of the positive and beneficial impacts of heterotrophic bacteria on human affairs?
4,,"All of us who have suffered the ill effects of common cold or ‘flu’ know what effects viruses can have on us, even if we do not associate it with our condition. Viruses did not find a place in classification since they are not considered truly ‘living’, if we understand living as those organisms that have a cell structure. The viruses are non-cellular organisms that are characterised by having an inert crystalline structure outside the living cell.",How do viruse have a significant impact on human health and well-being?
4,,"All of us who have suffered the ill effects of common cold or ‘flu’ know what effects viruses can have on us, even if we do not associate it with our condition. Viruses did not find a place in classification since they are not considered truly ‘living’, if we understand living as those organisms that have a cell structure. The viruses are non-cellular organisms that are characterised by having an inert crystalline structure outside the living cell.",Can you elaborate on the unique characteristics of viruses?
4,,"In addition to proteins, viruses also contain genetic material, that could be either RNA or DNA. No virus contains both RNA and DNA. A virus is a nucleoprotein and the genetic material is infectious. In general, viruses that infect plants have single stranded RNA and viruses that infect animals have either single or double stranded RNA or double stranded DNA.","How does the presence of genetic material, whether RNA or DNA, within viruses contribute to their ability to infect host cells, and what are the implications of this genetic material being infectious?"
4,,"In addition to proteins, viruses also contain genetic material, that could be either RNA or DNA. No virus contains both RNA and DNA. A virus is a nucleoprotein and the genetic material is infectious. In general, viruses that infect plants have single stranded RNA and viruses that infect animals have either single or double stranded RNA or double stranded DNA.",Can you provide insights into the relationship between the type of genetic material found in viruses and their host preferences?
4,,At least a half of the total carbon dioxide fixation on earth is carried out by algae through photosynthesis. Being photosynthetic they increase the level of dissolved oxygen in their immediate environment.,What organism carries out at least a half of the total carbon dioxide fixation on earth is through photosynthesis?
4,,At least a half of the total carbon dioxide fixation on earth is carried out by algae through photosynthesis. Being photosynthetic they increase the level of dissolved oxygen in their immediate environment.,How significant is the role of algae in carbon dioxide fixation on Earth?
4,,"Though all members of Animalia are multicellular, all of them do not exhibit the same pattern of organisation of cells. For example, in sponges, the cells are arranged as loose cell aggregates, i.e., they exhibit cellular level of organisation. Some division of labour (activities) occur among the cells. In coelenterates, the arrangement of cells is more complex. Here the cells performing the same function are arranged into tissues, hence is called tissue level of organisation. A still higher level of organisation, i.e., organ level is exhibited by members of Platyhelminthes and other higher phyla where tissues are grouped together to form organs, each specialised for a particular function. In animals like Annelids, Arthropods, Molluscs, Echinoderms and Chordates, organs have associated to form functional systems, each system concerned with a specific physiological function. This pattern is called organ system level of organisation. Organ systems in different groups of animals exhibit various patterns of complexities.",How do different phyla of animals exhibit varying levels of organization?
4,,"Though all members of Animalia are multicellular, all of them do not exhibit the same pattern of organisation of cells. For example, in sponges, the cells are arranged as loose cell aggregates, i.e., they exhibit cellular level of organisation. Some division of labour (activities) occur among the cells. In coelenterates, the arrangement of cells is more complex. Here the cells performing the same function are arranged into tissues, hence is called tissue level of organisation. A still higher level of organisation, i.e., organ level is exhibited by members of Platyhelminthes and other higher phyla where tissues are grouped together to form organs, each specialised for a particular function. In animals like Annelids, Arthropods, Molluscs, Echinoderms and Chordates, organs have associated to form functional systems, each system concerned with a specific physiological function. This pattern is called organ system level of organisation. Organ systems in different groups of animals exhibit various patterns of complexities.","Can you provide specific examples of animals from various phyla that represent each level of organization, and explain how their cellular, tissue, organ, and organ system levels of organization correspond to their specific physiological functions?"
4,,"Animals can be categorised on the basis of their symmetry. Sponges are mostly asymmetrical, i.e., any plane that passes through the centre does not divide them into equal halves. When any plane passing through the central axis of the body divides the organism into two identical halves, it is called radial symmetry. Coelenterates, ctenophores and echinoderms have this kind of body plan (Figure 4.1a). Animals like annelids, arthropods, etc., where the body can be divided into identical left and right halves in only one plane, exhibit bilateral symmetry","How do different types of symmetry impact the organization and appearance of animals, and what are some examples of animal groups that exhibit each type of symmetry?"
4,,"Animals can be categorised on the basis of their symmetry. Sponges are mostly asymmetrical, i.e., any plane that passes through the centre does not divide them into equal halves. When any plane passing through the central axis of the body divides the organism into two identical halves, it is called radial symmetry. Coelenterates, ctenophores and echinoderms have this kind of body plan (Figure 4.1a). Animals like annelids, arthropods, etc., where the body can be divided into identical left and right halves in only one plane, exhibit bilateral symmetry",Can you explain the ecological and functional significance of different symmetry types in animals
4,,"The flower is the reproductive unit in the angiosperms. It is meant for sexual reproduction. A typical flower has four different kinds of whorls arranged successively on the swollen end of the stalk or pedicel, called thalamus or receptacle. These are calyx, corolla, androecium and gynoecium. Calyx and corolla are accessory organs, while androecium and gynoecium are reproductive organs. In some flowers like lily, the calyx and corolla are not distinct and are termed
as perianth. When a flower has both androecium and gynoecium, it is bisexual. A flower having either only stamens or only carpels is unisexual.",How is a typical flower's structure organized and what are the roles of these different parts in the flower's function?
4,,"The calyx is the outermost whorl of the flower and the members are called sepals. Generally, sepals are green, leaf like and protect the flower in the bud stage. The calyx may be gamosepalous (sepals united) or polysepalous (sepals free).",What is calyx and what purpose does it serve?
4,,"Corolla is composed of petals. Petals are usually brightly coloured to attract insects for pollination. Like calyx, corolla may also be gamopetalous (petals united) or polypetalous (petals free). The shape and colour of corolla vary greatly in plants. Corolla may be tubular, bell- shaped, funnel-shaped or wheel-shaped.",What is corolla and its purpose?
4,,"Corolla is composed of petals. Petals are usually brightly coloured to attract insects for pollination. Like calyx, corolla may also be gamopetalous (petals united) or polypetalous (petals free). The shape and colour of corolla vary greatly in plants. Corolla may be tubular, bell- shaped, funnel-shaped or wheel-shaped.",Can you explain the significance of the diverse shapes and colors found in corollas?
4,,"In mango and coconut, the fruit is known as a drupe (Figure 5.13). They develop from monocarpellary superior ovaries and are one seeded. In mango the pericarp is well differentiated into an outer thin epicarp, a middle fleshy edible mesocarp and an inner stony hard endocarp. In coconut which is also a drupe, the mesocarp is fibrous.",What type of fruit are cocounuts and mangos?
4,,"In mango and coconut, the fruit is known as a drupe (Figure 5.13). They develop from monocarpellary superior ovaries and are one seeded. In mango the pericarp is well differentiated into an outer thin epicarp, a middle fleshy edible mesocarp and an inner stony hard endocarp. In coconut which is also a drupe, the mesocarp is fibrous.","How is a drupe fruit structurally different from other types of fruits, and what are the key characteristics that define it?"